-- phpMyAdmin SQL Dump
-- version 4.8.5
-- https://www.phpmyadmin.net/
--
-- Host: 127.0.0.1
-- Generation Time: May 11, 2019 at 06:03 AM
-- Server version: 10.1.38-MariaDB
-- PHP Version: 7.3.3

SET SQL_MODE = "NO_AUTO_VALUE_ON_ZERO";
SET AUTOCOMMIT = 0;
START TRANSACTION;
SET time_zone = "+00:00";


/*!40101 SET @OLD_CHARACTER_SET_CLIENT=@@CHARACTER_SET_CLIENT */;
/*!40101 SET @OLD_CHARACTER_SET_RESULTS=@@CHARACTER_SET_RESULTS */;
/*!40101 SET @OLD_COLLATION_CONNECTION=@@COLLATION_CONNECTION */;
/*!40101 SET NAMES utf8mb4 */;

--
-- Database: `ticketmovie`
--

-- --------------------------------------------------------

--
-- Table structure for table `ghe`
--

CREATE TABLE `ghe` (
  `MaGhe` int(10) NOT NULL,
  `TenGhe` varchar(50) CHARACTER SET utf8 NOT NULL,
  `LoaiGhe` varchar(50) CHARACTER SET utf8 NOT NULL
) ENGINE=InnoDB DEFAULT CHARSET=utf8 COLLATE=utf8_unicode_ci;

--
-- Dumping data for table `ghe`
--

INSERT INTO `ghe` (`MaGhe`, `TenGhe`, `LoaiGhe`) VALUES
(1, 'A-1', 'Normal'),
(2, 'A-10', 'Normal'),
(3, 'A-2', 'Normal'),
(4, 'A-3', 'Normal'),
(5, 'A-4', 'Normal'),
(6, 'A-5', 'Normal'),
(7, 'A-6', 'Normal'),
(8, 'A-7', 'Normal'),
(9, 'A-8', 'Normal'),
(10, 'B-1', 'Normal'),
(11, 'B-10', 'Normal'),
(12, 'B-2', 'Normal'),
(13, 'B-3', 'Normal'),
(14, 'B-4', 'Normal'),
(15, 'B-5', 'Normal'),
(16, 'B-6', 'Normal'),
(17, 'B-7', 'Normal'),
(18, 'B-8', 'Normal'),
(19, 'B-9', 'Normal'),
(20, 'C-1', 'Normal'),
(21, 'C-10', 'Normal'),
(22, 'C-2', 'Normal'),
(23, 'C-3', 'Normal'),
(24, 'C-4', 'Normal'),
(25, 'C-5', 'Normal'),
(26, 'C-6', 'Normal'),
(27, 'C-7', 'Normal'),
(28, 'C-8', 'Normal'),
(29, 'C-9', 'Normal'),
(30, 'D-1', 'Normal'),
(31, 'D-10', 'Normal'),
(32, 'D-2', 'Normal'),
(33, 'D-3', 'Normal'),
(34, 'D-4', 'Normal'),
(35, 'D-5', 'Normal'),
(36, 'D-6', 'Normal'),
(37, 'D-7', 'Normal'),
(38, 'D-8', 'Normal'),
(39, 'D-9', 'Normal'),
(40, 'E-1', 'VIP'),
(41, 'E-10', 'VIP'),
(42, 'E-2', 'VIP'),
(43, 'E-3', 'VIP'),
(44, 'E-4', 'VIP'),
(45, 'E-5', 'VIP'),
(46, 'E-6', 'VIP'),
(47, 'E-7', 'VIP'),
(48, 'E-8', 'VIP'),
(49, 'E-9', 'VIP'),
(50, 'F-1', 'VIP'),
(51, 'F-10', 'VIP'),
(52, 'F-2', 'VIP'),
(53, 'F-3', 'VIP'),
(54, 'F-4', 'VIP'),
(55, 'F-5', 'VIP'),
(56, 'F-6', 'VIP'),
(57, 'F-7', 'VIP'),
(58, 'F-8', 'VIP'),
(59, 'F-9', 'VIP'),
(60, 'G-1', 'VIP'),
(61, 'G-10', 'VIP'),
(62, 'G-2', 'VIP'),
(63, 'G-3', 'VIP'),
(64, 'G-4', 'VIP'),
(65, 'G-5', 'VIP'),
(66, 'G-6', 'VIP'),
(67, 'G-7', 'VIP'),
(68, 'G-8', 'VIP'),
(69, 'G-9', 'VIP'),
(70, 'H-1', 'VIP'),
(71, 'H-10', 'VIP'),
(72, 'H-2', 'VIP'),
(73, 'H-3', 'VIP'),
(74, 'H-4', 'VIP'),
(75, 'H-5', 'VIP'),
(76, 'H-6', 'VIP'),
(77, 'H-7', 'VIP'),
(78, 'H-8', 'VIP'),
(79, 'H-9', 'VIP'),
(80, 'I-1', 'VIP'),
(81, 'I-10', 'VIP'),
(82, 'I-2', 'VIP'),
(83, 'I-3', 'VIP'),
(84, 'I-4', 'VIP'),
(85, 'I-5', 'VIP'),
(86, 'I-6', 'VIP'),
(87, 'I-7', 'VIP'),
(88, 'I-8', 'VIP'),
(89, 'I-9', 'VIP'),
(90, 'K-1', 'VIP'),
(91, 'K-10', 'VIP'),
(92, 'K-2', 'VIP'),
(93, 'K-3', 'VIP'),
(94, 'K-4', 'VIP'),
(95, 'K-5', 'VIP'),
(96, 'K-6', 'VIP'),
(97, 'K-7', 'VIP'),
(98, 'K-8', 'VIP'),
(99, 'K-9', 'VIP'),
(100, 'L-1', 'Normal'),
(101, 'L-10', 'Normal'),
(102, 'L-2', 'Normal'),
(103, 'L-3', 'Normal'),
(104, 'L-4', 'Normal'),
(105, 'L-5', 'Normal'),
(106, 'L-6', 'Normal'),
(107, 'L-7', 'Normal'),
(108, 'L-8', 'Normal'),
(109, 'L-9', 'Normal'),
(110, 'M-1', 'Normal'),
(111, 'M-10', 'Normal'),
(112, 'M-2', 'Normal'),
(113, 'M-3', 'Normal'),
(114, 'M-4', 'Normal'),
(115, 'M-5', 'Normal'),
(116, 'M-6', 'Normal'),
(117, 'M-7', 'Normal'),
(118, 'M-8', 'Normal'),
(119, 'M-9', 'Normal'),
(120, 'N-1', 'Normal'),
(121, 'N-10', 'Normal'),
(122, 'N-2', 'Normal'),
(123, 'N-3', 'Normal'),
(124, 'N-4', 'Normal'),
(125, 'N-5', 'Normal'),
(126, 'N-6', 'Normal'),
(127, 'N-7', 'Normal'),
(128, 'N-8', 'Normal'),
(129, 'N-9', 'Normal');

-- --------------------------------------------------------

--
-- Table structure for table `giaodich`
--

CREATE TABLE `giaodich` (
  `MaTK` varchar(50) CHARACTER SET utf8 NOT NULL,
  `MaGiaoDich` varchar(20) CHARACTER SET utf8 NOT NULL
) ENGINE=InnoDB DEFAULT CHARSET=utf8 COLLATE=utf8_unicode_ci;

-- --------------------------------------------------------

--
-- Table structure for table `loaitk`
--

CREATE TABLE `loaitk` (
  `MaLoaiTK` varchar(10) CHARACTER SET utf8 NOT NULL,
  `LoaiTK` varchar(20) CHARACTER SET utf8 NOT NULL
) ENGINE=InnoDB DEFAULT CHARSET=utf8 COLLATE=utf8_unicode_ci;

--
-- Dumping data for table `loaitk`
--

INSERT INTO `loaitk` (`MaLoaiTK`, `LoaiTK`) VALUES
('01', 'Nhân viên rạp'),
('02', 'Người dùng');

-- --------------------------------------------------------

--
-- Table structure for table `phanquyennguoidung`
--

CREATE TABLE `phanquyennguoidung` (
  `id` int(11) NOT NULL,
  `MaLoaiTK` char(10) CHARACTER SET utf8 DEFAULT NULL,
  `MaQuyen` int(11) DEFAULT NULL
) ENGINE=InnoDB DEFAULT CHARSET=utf8 COLLATE=utf8_unicode_ci;

-- --------------------------------------------------------

--
-- Table structure for table `phim`
--

CREATE TABLE `phim` (
  `MaPhim` int(10) NOT NULL,
  `TenPhim` varchar(50) CHARACTER SET utf8 NOT NULL,
  `MaTheLoai` varchar(50) CHARACTER SET utf8 NOT NULL,
  `ThoiLuong` varchar(50) CHARACTER SET utf8 NOT NULL,
  `TomTat` varchar(2000) CHARACTER SET utf8 DEFAULT NULL,
  `GioiHanTuoi` tinyint(4) NOT NULL,
  `TGBatDau` datetime(3) NOT NULL,
  `TGKetThuc` datetime(3) NOT NULL,
  `Anh` varchar(200) COLLATE utf8_unicode_ci DEFAULT NULL
) ENGINE=InnoDB DEFAULT CHARSET=utf8 COLLATE=utf8_unicode_ci;

--
-- Dumping data for table `phim`
--

INSERT INTO `phim` (`MaPhim`, `TenPhim`, `MaTheLoai`, `ThoiLuong`, `TomTat`, `GioiHanTuoi`, `TGBatDau`, `TGKetThuc`, `Anh`) VALUES
(1, 'aaaaaa', '2', '43920', 'asdasdasd', 0, '2019-05-09 00:00:00.000', '2019-05-08 00:00:00.000', '2019_04_24_11_35_IMG_0934.JPG');

-- --------------------------------------------------------

--
-- Table structure for table `phongchieu`
--

CREATE TABLE `phongchieu` (
  `MaPhongChieu` int(10) NOT NULL,
  `TenPhongChieu` varchar(50) CHARACTER SET utf8 NOT NULL,
  `MaRap` varchar(10) CHARACTER SET utf8 NOT NULL,
  `MaTrangThai` text COLLATE utf8_unicode_ci NOT NULL
) ENGINE=InnoDB DEFAULT CHARSET=utf8 COLLATE=utf8_unicode_ci;

--
-- Dumping data for table `phongchieu`
--

INSERT INTO `phongchieu` (`MaPhongChieu`, `TenPhongChieu`, `MaRap`, `MaTrangThai`) VALUES
(1, '01', 'CINEMA01', '1_1,2_1,3_1,4_1,5_1,6_1,7_1,8_1,9_1,10_1,11_1,12_1,13_1,14_1,15_1,16_1,17_1,18_1,19_1,20_1,21_1,22_1,23_1,24_1,25_1,26_1,27_1,28_1,29_1,30_1,31_1,32_1,33_1,34_1,35_1,36_1,37_1,38_1,39_1,40_1,41_1,42_1,43_1,44_1,45_1,46_1,47_1,48_1,49_1,50_1,51_1,52_1,53_1,54_1,55_1,56_1,57_1,58_1,59_1,60_1,61_1,62_1,63_1,64_1,65_1,66_1,67_1,68_1,69_1,70_1,71_1,72_1,73_1,74_1,75_1,76_1,77_1,78_1,79_1,80_1,81_1,82_1,83_1,84_1,85_1,86_1,87_1,88_1,89_1,90_1,91_1,92_1,93_1,94_1,95_1,96_1,97_1,98_1,99_1,100_1,101_1,102_1,103_1,104_1,105_1,106_1,107_1,108_1,109_1,110_1,111_1,112_1,113_1,114_1,115_1,116_1,117_1,118_1,119_1,120_1,121_1,122_1,123_1,124_1,125_1,126_1,127_1,128_1,129_1'),
(2, '02', 'CINEMA01', '1_1,2_1,3_1,4_1,5_1,6_1,7_1,8_1,9_1,10_1,11_1,12_1,13_1,14_1,15_1,16_1,17_1,18_1,19_1,20_1,21_1,22_1,23_1,24_1,25_1,26_1,27_1,28_1,29_1,30_1,31_1,32_1,33_1,34_1,35_1,36_1,37_1,38_1,39_1,40_1,41_1,42_1,43_1,44_1,45_1,46_1,47_1,48_1,49_1,50_1,51_1,52_1,53_1,54_1,55_1,56_1,57_1,58_1,59_1,60_1,61_1,62_1,63_1,64_1,65_1,66_1,67_1,68_1,69_1,70_1,71_1,72_1,73_1,74_1,75_1,76_1,77_1,78_1,79_1,80_1,81_1,82_1,83_1,84_1,85_1,86_1,87_1,88_1,89_1,90_1,91_1,92_1,93_1,94_1,95_1,96_1,97_1,98_1,99_1,100_1,101_1,102_1,103_1,104_1,105_1,106_1,107_1,108_1,109_1,110_1,111_1,112_1,113_1,114_1,115_1,116_1,117_1,118_1,119_1,120_1,121_1,122_1,123_1,124_1,125_1,126_1,127_1,128_1,129_1'),
(3, '03', 'CINEMA01', '1_1,2_1,3_1,4_1,5_1,6_1,7_1,8_1,9_1,10_1,11_1,12_1,13_1,14_1,15_1,16_1,17_1,18_1,19_1,20_1,21_1,22_1,23_1,24_1,25_1,26_1,27_1,28_1,29_1,30_1,31_1,32_1,33_1,34_1,35_1,36_1,37_1,38_1,39_1,40_1,41_1,42_1,43_1,44_1,45_1,46_1,47_1,48_1,49_1,50_1,51_1,52_1,53_1,54_1,55_1,56_1,57_1,58_1,59_1,60_1,61_1,62_1,63_1,64_1,65_1,66_1,67_1,68_1,69_1,70_1,71_1,72_1,73_1,74_1,75_1,76_1,77_1,78_1,79_1,80_1,81_1,82_1,83_1,84_1,85_1,86_1,87_1,88_1,89_1,90_1,91_1,92_1,93_1,94_1,95_1,96_1,97_1,98_1,99_1,100_1,101_1,102_1,103_1,104_1,105_1,106_1,107_1,108_1,109_1,110_1,111_1,112_1,113_1,114_1,115_1,116_1,117_1,118_1,119_1,120_1,121_1,122_1,123_1,124_1,125_1,126_1,127_1,128_1,129_1'),
(4, '04', 'CINEMA01', '1_1,2_1,3_1,4_1,5_1,6_1,7_1,8_1,9_1,10_1,11_1,12_1,13_1,14_1,15_1,16_1,17_1,18_1,19_1,20_1,21_1,22_1,23_1,24_1,25_1,26_1,27_1,28_1,29_1,30_1,31_1,32_1,33_1,34_1,35_1,36_1,37_1,38_1,39_1,40_1,41_1,42_1,43_1,44_1,45_1,46_1,47_1,48_1,49_1,50_1,51_1,52_1,53_1,54_1,55_1,56_1,57_1,58_1,59_1,60_1,61_1,62_1,63_1,64_1,65_1,66_1,67_1,68_1,69_1,70_1,71_1,72_1,73_1,74_1,75_1,76_1,77_1,78_1,79_1,80_1,81_1,82_1,83_1,84_1,85_1,86_1,87_1,88_1,89_1,90_1,91_1,92_1,93_1,94_1,95_1,96_1,97_1,98_1,99_1,100_1,101_1,102_1,103_1,104_1,105_1,106_1,107_1,108_1,109_1,110_1,111_1,112_1,113_1,114_1,115_1,116_1,117_1,118_1,119_1,120_1,121_1,122_1,123_1,124_1,125_1,126_1,127_1,128_1,129_1'),
(5, '06', 'CINEMA01', '1_1,2_1,3_1,4_1,5_1,6_1,7_1,8_1,9_1,10_1,11_1,12_1,13_1,14_1,15_1,16_1,17_1,18_1,19_1,20_1,21_1,22_1,23_1,24_1,25_1,26_1,27_1,28_1,29_1,30_1,31_1,32_1,33_1,34_1,35_1,36_1,37_1,38_1,39_1,40_1,41_1,42_1,43_1,44_1,45_1,46_1,47_1,48_1,49_1,50_1,51_1,52_1,53_1,54_1,55_1,56_1,57_1,58_1,59_1,60_1,61_1,62_1,63_1,64_1,65_1,66_1,67_1,68_1,69_1,70_1,71_1,72_1,73_1,74_1,75_1,76_1,77_1,78_1,79_1,80_1,81_1,82_1,83_1,84_1,85_1,86_1,87_1,88_1,89_1,90_1,91_1,92_1,93_1,94_1,95_1,96_1,97_1,98_1,99_1,100_1,101_1,102_1,103_1,104_1,105_1,106_1,107_1,108_1,109_1,110_1,111_1,112_1,113_1,114_1,115_1,116_1,117_1,118_1,119_1,120_1,121_1,122_1,123_1,124_1,125_1,126_1,127_1,128_1,129_1'),
(6, '06', 'CINEMA02', '1_1,2_1,3_1,4_1,5_1,6_1,7_1,8_1,9_1,10_1,11_1,12_1,13_1,14_1,15_1,16_1,17_1,18_1,19_1,20_1,21_1,22_1,23_1,24_1,25_1,26_1,27_1,28_1,29_1,30_1,31_1,32_1,33_1,34_1,35_1,36_1,37_1,38_1,39_1,40_1,41_1,42_1,43_1,44_1,45_1,46_1,47_1,48_1,49_1,50_1,51_1,52_1,53_1,54_1,55_1,56_1,57_1,58_1,59_1,60_1,61_1,62_1,63_1,64_1,65_1,66_1,67_1,68_1,69_1,70_1,71_1,72_1,73_1,74_1,75_1,76_1,77_1,78_1,79_1,80_1,81_1,82_1,83_1,84_1,85_1,86_1,87_1,88_1,89_1,90_1,91_1,92_1,93_1,94_1,95_1,96_1,97_1,98_1,99_1,100_1,101_1,102_1,103_1,104_1,105_1,106_1,107_1,108_1,109_1,110_1,111_1,112_1,113_1,114_1,115_1,116_1,117_1,118_1,119_1,120_1,121_1,122_1,123_1,124_1,125_1,126_1,127_1,128_1,129_1'),
(7, '07', 'CINEMA01', '1_1,2_1,3_1,4_1,5_1,6_1,7_1,8_1,9_1,10_1,11_1,12_1,13_1,14_1,15_1,16_1,17_1,18_1,19_1,20_1,21_1,22_1,23_1,24_1,25_1,26_1,27_1,28_1,29_1,30_1,31_1,32_1,33_1,34_1,35_1,36_1,37_1,38_1,39_1,40_1,41_1,42_1,43_1,44_1,45_1,46_1,47_1,48_1,49_1,50_1,51_1,52_1,53_1,54_1,55_1,56_1,57_1,58_1,59_1,60_1,61_1,62_1,63_1,64_1,65_1,66_1,67_1,68_1,69_1,70_1,71_1,72_1,73_1,74_1,75_1,76_1,77_1,78_1,79_1,80_1,81_1,82_1,83_1,84_1,85_1,86_1,87_1,88_1,89_1,90_1,91_1,92_1,93_1,94_1,95_1,96_1,97_1,98_1,99_1,100_1,101_1,102_1,103_1,104_1,105_1,106_1,107_1,108_1,109_1,110_1,111_1,112_1,113_1,114_1,115_1,116_1,117_1,118_1,119_1,120_1,121_1,122_1,123_1,124_1,125_1,126_1,127_1,128_1,129_1'),
(8, '09', 'CINEMA01', '1_1,2_1,3_1,4_1,5_1,6_1,7_1,8_1,9_1,10_1,11_1,12_1,13_1,14_1,15_1,16_1,17_1,18_1,19_1,20_1,21_1,22_1,23_1,24_1,25_1,26_1,27_1,28_1,29_1,30_1,31_1,32_1,33_1,34_1,35_1,36_1,37_1,38_1,39_1,40_1,41_1,42_1,43_1,44_1,45_1,46_1,47_1,48_1,49_1,50_1,51_1,52_1,53_1,54_1,55_1,56_1,57_1,58_1,59_1,60_1,61_1,62_1,63_1,64_1,65_1,66_1,67_1,68_1,69_1,70_1,71_1,72_1,73_1,74_1,75_1,76_1,77_1,78_1,79_1,80_1,81_1,82_1,83_1,84_1,85_1,86_1,87_1,88_1,89_1,90_1,91_1,92_1,93_1,94_1,95_1,96_1,97_1,98_1,99_1,100_1,101_1,102_1,103_1,104_1,105_1,106_1,107_1,108_1,109_1,110_1,111_1,112_1,113_1,114_1,115_1,116_1,117_1,118_1,119_1,120_1,121_1,122_1,123_1,124_1,125_1,126_1,127_1,128_1,129_1'),
(9, '10', 'CINEMA01', '1_1,2_1,3_1,4_1,5_1,6_1,7_1,8_1,9_1,10_1,11_1,12_1,13_1,14_1,15_1,16_1,17_1,18_1,19_1,20_1,21_1,22_1,23_1,24_1,25_1,26_1,27_1,28_1,29_1,30_1,31_1,32_1,33_1,34_1,35_1,36_1,37_1,38_1,39_1,40_1,41_1,42_1,43_1,44_1,45_1,46_1,47_1,48_1,49_1,50_1,51_1,52_1,53_1,54_1,55_1,56_1,57_1,58_1,59_1,60_1,61_1,62_1,63_1,64_1,65_1,66_1,67_1,68_1,69_1,70_1,71_1,72_1,73_1,74_1,75_1,76_1,77_1,78_1,79_1,80_1,81_1,82_1,83_1,84_1,85_1,86_1,87_1,88_1,89_1,90_1,91_1,92_1,93_1,94_1,95_1,96_1,97_1,98_1,99_1,100_1,101_1,102_1,103_1,104_1,105_1,106_1,107_1,108_1,109_1,110_1,111_1,112_1,113_1,114_1,115_1,116_1,117_1,118_1,119_1,120_1,121_1,122_1,123_1,124_1,125_1,126_1,127_1,128_1,129_1'),
(10, '01', 'CINEMA02', '1_1,2_1,3_1,4_1,5_1,6_1,7_1,8_1,9_1,10_1,11_1,12_1,13_1,14_1,15_1,16_1,17_1,18_1,19_1,20_1,21_1,22_1,23_1,24_1,25_1,26_1,27_1,28_1,29_1,30_1,31_1,32_1,33_1,34_1,35_1,36_1,37_1,38_1,39_1,40_1,41_1,42_1,43_1,44_1,45_1,46_1,47_1,48_1,49_1,50_1,51_1,52_1,53_1,54_1,55_1,56_1,57_1,58_1,59_1,60_1,61_1,62_1,63_1,64_1,65_1,66_1,67_1,68_1,69_1,70_1,71_1,72_1,73_1,74_1,75_1,76_1,77_1,78_1,79_1,80_1,81_1,82_1,83_1,84_1,85_1,86_1,87_1,88_1,89_1,90_1,91_1,92_1,93_1,94_1,95_1,96_1,97_1,98_1,99_1,100_1,101_1,102_1,103_1,104_1,105_1,106_1,107_1,108_1,109_1,110_1,111_1,112_1,113_1,114_1,115_1,116_1,117_1,118_1,119_1,120_1,121_1,122_1,123_1,124_1,125_1,126_1,127_1,128_1,129_1'),
(11, '02', 'CINEMA02', '1_1,2_1,3_1,4_1,5_1,6_1,7_1,8_1,9_1,10_1,11_1,12_1,13_1,14_1,15_1,16_1,17_1,18_1,19_1,20_1,21_1,22_1,23_1,24_1,25_1,26_1,27_1,28_1,29_1,30_1,31_1,32_1,33_1,34_1,35_1,36_1,37_1,38_1,39_1,40_1,41_1,42_1,43_1,44_1,45_1,46_1,47_1,48_1,49_1,50_1,51_1,52_1,53_1,54_1,55_1,56_1,57_1,58_1,59_1,60_1,61_1,62_1,63_1,64_1,65_1,66_1,67_1,68_1,69_1,70_1,71_1,72_1,73_1,74_1,75_1,76_1,77_1,78_1,79_1,80_1,81_1,82_1,83_1,84_1,85_1,86_1,87_1,88_1,89_1,90_1,91_1,92_1,93_1,94_1,95_1,96_1,97_1,98_1,99_1,100_1,101_1,102_1,103_1,104_1,105_1,106_1,107_1,108_1,109_1,110_1,111_1,112_1,113_1,114_1,115_1,116_1,117_1,118_1,119_1,120_1,121_1,122_1,123_1,124_1,125_1,126_1,127_1,128_1,129_1'),
(12, '03', 'CINEMA02', '1_1,2_1,3_1,4_1,5_1,6_1,7_1,8_1,9_1,10_1,11_1,12_1,13_1,14_1,15_1,16_1,17_1,18_1,19_1,20_1,21_1,22_1,23_1,24_1,25_1,26_1,27_1,28_1,29_1,30_1,31_1,32_1,33_1,34_1,35_1,36_1,37_1,38_1,39_1,40_1,41_1,42_1,43_1,44_1,45_1,46_1,47_1,48_1,49_1,50_1,51_1,52_1,53_1,54_1,55_1,56_1,57_1,58_1,59_1,60_1,61_1,62_1,63_1,64_1,65_1,66_1,67_1,68_1,69_1,70_1,71_1,72_1,73_1,74_1,75_1,76_1,77_1,78_1,79_1,80_1,81_1,82_1,83_1,84_1,85_1,86_1,87_1,88_1,89_1,90_1,91_1,92_1,93_1,94_1,95_1,96_1,97_1,98_1,99_1,100_1,101_1,102_1,103_1,104_1,105_1,106_1,107_1,108_1,109_1,110_1,111_1,112_1,113_1,114_1,115_1,116_1,117_1,118_1,119_1,120_1,121_1,122_1,123_1,124_1,125_1,126_1,127_1,128_1,129_1'),
(13, '04', 'CINEMA02', '1_1,2_1,3_1,4_1,5_1,6_1,7_1,8_1,9_1,10_1,11_1,12_1,13_1,14_1,15_1,16_1,17_1,18_1,19_1,20_1,21_1,22_1,23_1,24_1,25_1,26_1,27_1,28_1,29_1,30_1,31_1,32_1,33_1,34_1,35_1,36_1,37_1,38_1,39_1,40_1,41_1,42_1,43_1,44_1,45_1,46_1,47_1,48_1,49_1,50_1,51_1,52_1,53_1,54_1,55_1,56_1,57_1,58_1,59_1,60_1,61_1,62_1,63_1,64_1,65_1,66_1,67_1,68_1,69_1,70_1,71_1,72_1,73_1,74_1,75_1,76_1,77_1,78_1,79_1,80_1,81_1,82_1,83_1,84_1,85_1,86_1,87_1,88_1,89_1,90_1,91_1,92_1,93_1,94_1,95_1,96_1,97_1,98_1,99_1,100_1,101_1,102_1,103_1,104_1,105_1,106_1,107_1,108_1,109_1,110_1,111_1,112_1,113_1,114_1,115_1,116_1,117_1,118_1,119_1,120_1,121_1,122_1,123_1,124_1,125_1,126_1,127_1,128_1,129_1'),
(14, '05', 'CINEMA02', '1_1,2_1,3_1,4_1,5_1,6_1,7_1,8_1,9_1,10_1,11_1,12_1,13_1,14_1,15_1,16_1,17_1,18_1,19_1,20_1,21_1,22_1,23_1,24_1,25_1,26_1,27_1,28_1,29_1,30_1,31_1,32_1,33_1,34_1,35_1,36_1,37_1,38_1,39_1,40_1,41_1,42_1,43_1,44_1,45_1,46_1,47_1,48_1,49_1,50_1,51_1,52_1,53_1,54_1,55_1,56_1,57_1,58_1,59_1,60_1,61_1,62_1,63_1,64_1,65_1,66_1,67_1,68_1,69_1,70_1,71_1,72_1,73_1,74_1,75_1,76_1,77_1,78_1,79_1,80_1,81_1,82_1,83_1,84_1,85_1,86_1,87_1,88_1,89_1,90_1,91_1,92_1,93_1,94_1,95_1,96_1,97_1,98_1,99_1,100_1,101_1,102_1,103_1,104_1,105_1,106_1,107_1,108_1,109_1,110_1,111_1,112_1,113_1,114_1,115_1,116_1,117_1,118_1,119_1,120_1,121_1,122_1,123_1,124_1,125_1,126_1,127_1,128_1,129_1'),
(15, '06', 'CINEMA02', '1_1,2_1,3_1,4_1,5_1,6_1,7_1,8_1,9_1,10_1,11_1,12_1,13_1,14_1,15_1,16_1,17_1,18_1,19_1,20_1,21_1,22_1,23_1,24_1,25_1,26_1,27_1,28_1,29_1,30_1,31_1,32_1,33_1,34_1,35_1,36_1,37_1,38_1,39_1,40_1,41_1,42_1,43_1,44_1,45_1,46_1,47_1,48_1,49_1,50_1,51_1,52_1,53_1,54_1,55_1,56_1,57_1,58_1,59_1,60_1,61_1,62_1,63_1,64_1,65_1,66_1,67_1,68_1,69_1,70_1,71_1,72_1,73_1,74_1,75_1,76_1,77_1,78_1,79_1,80_1,81_1,82_1,83_1,84_1,85_1,86_1,87_1,88_1,89_1,90_1,91_1,92_1,93_1,94_1,95_1,96_1,97_1,98_1,99_1,100_1,101_1,102_1,103_1,104_1,105_1,106_1,107_1,108_1,109_1,110_1,111_1,112_1,113_1,114_1,115_1,116_1,117_1,118_1,119_1,120_1,121_1,122_1,123_1,124_1,125_1,126_1,127_1,128_1,129_1'),
(16, '07', 'CINEMA02', '1_1,2_1,3_1,4_1,5_1,6_1,7_1,8_1,9_1,10_1,11_1,12_1,13_1,14_1,15_1,16_1,17_1,18_1,19_1,20_1,21_1,22_1,23_1,24_1,25_1,26_1,27_1,28_1,29_1,30_1,31_1,32_1,33_1,34_1,35_1,36_1,37_1,38_1,39_1,40_1,41_1,42_1,43_1,44_1,45_1,46_1,47_1,48_1,49_1,50_1,51_1,52_1,53_1,54_1,55_1,56_1,57_1,58_1,59_1,60_1,61_1,62_1,63_1,64_1,65_1,66_1,67_1,68_1,69_1,70_1,71_1,72_1,73_1,74_1,75_1,76_1,77_1,78_1,79_1,80_1,81_1,82_1,83_1,84_1,85_1,86_1,87_1,88_1,89_1,90_1,91_1,92_1,93_1,94_1,95_1,96_1,97_1,98_1,99_1,100_1,101_1,102_1,103_1,104_1,105_1,106_1,107_1,108_1,109_1,110_1,111_1,112_1,113_1,114_1,115_1,116_1,117_1,118_1,119_1,120_1,121_1,122_1,123_1,124_1,125_1,126_1,127_1,128_1,129_1'),
(17, '09', 'CINEMA02', '1_1,2_1,3_1,4_1,5_1,6_1,7_1,8_1,9_1,10_1,11_1,12_1,13_1,14_1,15_1,16_1,17_1,18_1,19_1,20_1,21_1,22_1,23_1,24_1,25_1,26_1,27_1,28_1,29_1,30_1,31_1,32_1,33_1,34_1,35_1,36_1,37_1,38_1,39_1,40_1,41_1,42_1,43_1,44_1,45_1,46_1,47_1,48_1,49_1,50_1,51_1,52_1,53_1,54_1,55_1,56_1,57_1,58_1,59_1,60_1,61_1,62_1,63_1,64_1,65_1,66_1,67_1,68_1,69_1,70_1,71_1,72_1,73_1,74_1,75_1,76_1,77_1,78_1,79_1,80_1,81_1,82_1,83_1,84_1,85_1,86_1,87_1,88_1,89_1,90_1,91_1,92_1,93_1,94_1,95_1,96_1,97_1,98_1,99_1,100_1,101_1,102_1,103_1,104_1,105_1,106_1,107_1,108_1,109_1,110_1,111_1,112_1,113_1,114_1,115_1,116_1,117_1,118_1,119_1,120_1,121_1,122_1,123_1,124_1,125_1,126_1,127_1,128_1,129_1'),
(18, '10', 'CINEMA02', '1_1,2_1,3_1,4_1,5_1,6_1,7_1,8_1,9_1,10_1,11_1,12_1,13_1,14_1,15_1,16_1,17_1,18_1,19_1,20_1,21_1,22_1,23_1,24_1,25_1,26_1,27_1,28_1,29_1,30_1,31_1,32_1,33_1,34_1,35_1,36_1,37_1,38_1,39_1,40_1,41_1,42_1,43_1,44_1,45_1,46_1,47_1,48_1,49_1,50_1,51_1,52_1,53_1,54_1,55_1,56_1,57_1,58_1,59_1,60_1,61_1,62_1,63_1,64_1,65_1,66_1,67_1,68_1,69_1,70_1,71_1,72_1,73_1,74_1,75_1,76_1,77_1,78_1,79_1,80_1,81_1,82_1,83_1,84_1,85_1,86_1,87_1,88_1,89_1,90_1,91_1,92_1,93_1,94_1,95_1,96_1,97_1,98_1,99_1,100_1,101_1,102_1,103_1,104_1,105_1,106_1,107_1,108_1,109_1,110_1,111_1,112_1,113_1,114_1,115_1,116_1,117_1,118_1,119_1,120_1,121_1,122_1,123_1,124_1,125_1,126_1,127_1,128_1,129_1'),
(19, '01', 'CINEMA02', '1_1,2_1,3_1,4_1,5_1,6_1,7_1,8_1,9_1,10_1,11_1,12_1,13_1,14_1,15_1,16_1,17_1,18_1,19_1,20_1,21_1,22_1,23_1,24_1,25_1,26_1,27_1,28_1,29_1,30_1,31_1,32_1,33_1,34_1,35_1,36_1,37_1,38_1,39_1,40_1,41_1,42_1,43_1,44_1,45_1,46_1,47_1,48_1,49_1,50_1,51_1,52_1,53_1,54_1,55_1,56_1,57_1,58_1,59_1,60_1,61_1,62_1,63_1,64_1,65_1,66_1,67_1,68_1,69_1,70_1,71_1,72_1,73_1,74_1,75_1,76_1,77_1,78_1,79_1,80_1,81_1,82_1,83_1,84_1,85_1,86_1,87_1,88_1,89_1,90_1,91_1,92_1,93_1,94_1,95_1,96_1,97_1,98_1,99_1,100_1,101_1,102_1,103_1,104_1,105_1,106_1,107_1,108_1,109_1,110_1,111_1,112_1,113_1,114_1,115_1,116_1,117_1,118_1,119_1,120_1,121_1,122_1,123_1,124_1,125_1,126_1,127_1,128_1,129_1'),
(20, '02', 'CINEMA02', '1_1,2_1,3_1,4_1,5_1,6_1,7_1,8_1,9_1,10_1,11_1,12_1,13_1,14_1,15_1,16_1,17_1,18_1,19_1,20_1,21_1,22_1,23_1,24_1,25_1,26_1,27_1,28_1,29_1,30_1,31_1,32_1,33_1,34_1,35_1,36_1,37_1,38_1,39_1,40_1,41_1,42_1,43_1,44_1,45_1,46_1,47_1,48_1,49_1,50_1,51_1,52_1,53_1,54_1,55_1,56_1,57_1,58_1,59_1,60_1,61_1,62_1,63_1,64_1,65_1,66_1,67_1,68_1,69_1,70_1,71_1,72_1,73_1,74_1,75_1,76_1,77_1,78_1,79_1,80_1,81_1,82_1,83_1,84_1,85_1,86_1,87_1,88_1,89_1,90_1,91_1,92_1,93_1,94_1,95_1,96_1,97_1,98_1,99_1,100_1,101_1,102_1,103_1,104_1,105_1,106_1,107_1,108_1,109_1,110_1,111_1,112_1,113_1,114_1,115_1,116_1,117_1,118_1,119_1,120_1,121_1,122_1,123_1,124_1,125_1,126_1,127_1,128_1,129_1'),
(21, '03', 'CINEMA02', '1_1,2_1,3_1,4_1,5_1,6_1,7_1,8_1,9_1,10_1,11_1,12_1,13_1,14_1,15_1,16_1,17_1,18_1,19_1,20_1,21_1,22_1,23_1,24_1,25_1,26_1,27_1,28_1,29_1,30_1,31_1,32_1,33_1,34_1,35_1,36_1,37_1,38_1,39_1,40_1,41_1,42_1,43_1,44_1,45_1,46_1,47_1,48_1,49_1,50_1,51_1,52_1,53_1,54_1,55_1,56_1,57_1,58_1,59_1,60_1,61_1,62_1,63_1,64_1,65_1,66_1,67_1,68_1,69_1,70_1,71_1,72_1,73_1,74_1,75_1,76_1,77_1,78_1,79_1,80_1,81_1,82_1,83_1,84_1,85_1,86_1,87_1,88_1,89_1,90_1,91_1,92_1,93_1,94_1,95_1,96_1,97_1,98_1,99_1,100_1,101_1,102_1,103_1,104_1,105_1,106_1,107_1,108_1,109_1,110_1,111_1,112_1,113_1,114_1,115_1,116_1,117_1,118_1,119_1,120_1,121_1,122_1,123_1,124_1,125_1,126_1,127_1,128_1,129_1'),
(22, '04', 'CINEMA02', '1_1,2_1,3_1,4_1,5_1,6_1,7_1,8_1,9_1,10_1,11_1,12_1,13_1,14_1,15_1,16_1,17_1,18_1,19_1,20_1,21_1,22_1,23_1,24_1,25_1,26_1,27_1,28_1,29_1,30_1,31_1,32_1,33_1,34_1,35_1,36_1,37_1,38_1,39_1,40_1,41_1,42_1,43_1,44_1,45_1,46_1,47_1,48_1,49_1,50_1,51_1,52_1,53_1,54_1,55_1,56_1,57_1,58_1,59_1,60_1,61_1,62_1,63_1,64_1,65_1,66_1,67_1,68_1,69_1,70_1,71_1,72_1,73_1,74_1,75_1,76_1,77_1,78_1,79_1,80_1,81_1,82_1,83_1,84_1,85_1,86_1,87_1,88_1,89_1,90_1,91_1,92_1,93_1,94_1,95_1,96_1,97_1,98_1,99_1,100_1,101_1,102_1,103_1,104_1,105_1,106_1,107_1,108_1,109_1,110_1,111_1,112_1,113_1,114_1,115_1,116_1,117_1,118_1,119_1,120_1,121_1,122_1,123_1,124_1,125_1,126_1,127_1,128_1,129_1'),
(23, '05', 'CINEMA02', '1_1,2_1,3_1,4_1,5_1,6_1,7_1,8_1,9_1,10_1,11_1,12_1,13_1,14_1,15_1,16_1,17_1,18_1,19_1,20_1,21_1,22_1,23_1,24_1,25_1,26_1,27_1,28_1,29_1,30_1,31_1,32_1,33_1,34_1,35_1,36_1,37_1,38_1,39_1,40_1,41_1,42_1,43_1,44_1,45_1,46_1,47_1,48_1,49_1,50_1,51_1,52_1,53_1,54_1,55_1,56_1,57_1,58_1,59_1,60_1,61_1,62_1,63_1,64_1,65_1,66_1,67_1,68_1,69_1,70_1,71_1,72_1,73_1,74_1,75_1,76_1,77_1,78_1,79_1,80_1,81_1,82_1,83_1,84_1,85_1,86_1,87_1,88_1,89_1,90_1,91_1,92_1,93_1,94_1,95_1,96_1,97_1,98_1,99_1,100_1,101_1,102_1,103_1,104_1,105_1,106_1,107_1,108_1,109_1,110_1,111_1,112_1,113_1,114_1,115_1,116_1,117_1,118_1,119_1,120_1,121_1,122_1,123_1,124_1,125_1,126_1,127_1,128_1,129_1'),
(24, '06', 'CINEMA02', '1_1,2_1,3_1,4_1,5_1,6_1,7_1,8_1,9_1,10_1,11_1,12_1,13_1,14_1,15_1,16_1,17_1,18_1,19_1,20_1,21_1,22_1,23_1,24_1,25_1,26_1,27_1,28_1,29_1,30_1,31_1,32_1,33_1,34_1,35_1,36_1,37_1,38_1,39_1,40_1,41_1,42_1,43_1,44_1,45_1,46_1,47_1,48_1,49_1,50_1,51_1,52_1,53_1,54_1,55_1,56_1,57_1,58_1,59_1,60_1,61_1,62_1,63_1,64_1,65_1,66_1,67_1,68_1,69_1,70_1,71_1,72_1,73_1,74_1,75_1,76_1,77_1,78_1,79_1,80_1,81_1,82_1,83_1,84_1,85_1,86_1,87_1,88_1,89_1,90_1,91_1,92_1,93_1,94_1,95_1,96_1,97_1,98_1,99_1,100_1,101_1,102_1,103_1,104_1,105_1,106_1,107_1,108_1,109_1,110_1,111_1,112_1,113_1,114_1,115_1,116_1,117_1,118_1,119_1,120_1,121_1,122_1,123_1,124_1,125_1,126_1,127_1,128_1,129_1'),
(25, '07', 'CINEMA02', '1_1,2_1,3_1,4_1,5_1,6_1,7_1,8_1,9_1,10_1,11_1,12_1,13_1,14_1,15_1,16_1,17_1,18_1,19_1,20_1,21_1,22_1,23_1,24_1,25_1,26_1,27_1,28_1,29_1,30_1,31_1,32_1,33_1,34_1,35_1,36_1,37_1,38_1,39_1,40_1,41_1,42_1,43_1,44_1,45_1,46_1,47_1,48_1,49_1,50_1,51_1,52_1,53_1,54_1,55_1,56_1,57_1,58_1,59_1,60_1,61_1,62_1,63_1,64_1,65_1,66_1,67_1,68_1,69_1,70_1,71_1,72_1,73_1,74_1,75_1,76_1,77_1,78_1,79_1,80_1,81_1,82_1,83_1,84_1,85_1,86_1,87_1,88_1,89_1,90_1,91_1,92_1,93_1,94_1,95_1,96_1,97_1,98_1,99_1,100_1,101_1,102_1,103_1,104_1,105_1,106_1,107_1,108_1,109_1,110_1,111_1,112_1,113_1,114_1,115_1,116_1,117_1,118_1,119_1,120_1,121_1,122_1,123_1,124_1,125_1,126_1,127_1,128_1,129_1'),
(26, '09', 'CINEMA02', '1_1,2_1,3_1,4_1,5_1,6_1,7_1,8_1,9_1,10_1,11_1,12_1,13_1,14_1,15_1,16_1,17_1,18_1,19_1,20_1,21_1,22_1,23_1,24_1,25_1,26_1,27_1,28_1,29_1,30_1,31_1,32_1,33_1,34_1,35_1,36_1,37_1,38_1,39_1,40_1,41_1,42_1,43_1,44_1,45_1,46_1,47_1,48_1,49_1,50_1,51_1,52_1,53_1,54_1,55_1,56_1,57_1,58_1,59_1,60_1,61_1,62_1,63_1,64_1,65_1,66_1,67_1,68_1,69_1,70_1,71_1,72_1,73_1,74_1,75_1,76_1,77_1,78_1,79_1,80_1,81_1,82_1,83_1,84_1,85_1,86_1,87_1,88_1,89_1,90_1,91_1,92_1,93_1,94_1,95_1,96_1,97_1,98_1,99_1,100_1,101_1,102_1,103_1,104_1,105_1,106_1,107_1,108_1,109_1,110_1,111_1,112_1,113_1,114_1,115_1,116_1,117_1,118_1,119_1,120_1,121_1,122_1,123_1,124_1,125_1,126_1,127_1,128_1,129_1'),
(27, '10', 'CINEMA02', '1_1,2_1,3_1,4_1,5_1,6_1,7_1,8_1,9_1,10_1,11_1,12_1,13_1,14_1,15_1,16_1,17_1,18_1,19_1,20_1,21_1,22_1,23_1,24_1,25_1,26_1,27_1,28_1,29_1,30_1,31_1,32_1,33_1,34_1,35_1,36_1,37_1,38_1,39_1,40_1,41_1,42_1,43_1,44_1,45_1,46_1,47_1,48_1,49_1,50_1,51_1,52_1,53_1,54_1,55_1,56_1,57_1,58_1,59_1,60_1,61_1,62_1,63_1,64_1,65_1,66_1,67_1,68_1,69_1,70_1,71_1,72_1,73_1,74_1,75_1,76_1,77_1,78_1,79_1,80_1,81_1,82_1,83_1,84_1,85_1,86_1,87_1,88_1,89_1,90_1,91_1,92_1,93_1,94_1,95_1,96_1,97_1,98_1,99_1,100_1,101_1,102_1,103_1,104_1,105_1,106_1,107_1,108_1,109_1,110_1,111_1,112_1,113_1,114_1,115_1,116_1,117_1,118_1,119_1,120_1,121_1,122_1,123_1,124_1,125_1,126_1,127_1,128_1,129_1');

-- --------------------------------------------------------

--
-- Table structure for table `quyennguoidung`
--

CREATE TABLE `quyennguoidung` (
  `id` int(11) NOT NULL,
  `name` longtext COLLATE utf8_unicode_ci,
  `routename` longtext COLLATE utf8_unicode_ci,
  `pathname` longtext COLLATE utf8_unicode_ci
) ENGINE=InnoDB DEFAULT CHARSET=utf8 COLLATE=utf8_unicode_ci;

--
-- Dumping data for table `quyennguoidung`
--

INSERT INTO `quyennguoidung` (`id`, `name`, `routename`, `pathname`) VALUES
(1, 'testupdate', 'accesssuccess', 'aaaa');

-- --------------------------------------------------------

--
-- Table structure for table `rap`
--

CREATE TABLE `rap` (
  `MaRap` varchar(10) CHARACTER SET utf8 NOT NULL,
  `TenRap` varchar(50) CHARACTER SET utf8 NOT NULL,
  `DiaChi` varchar(100) CHARACTER SET utf8 DEFAULT NULL,
  `MaTK` varchar(50) CHARACTER SET utf8 NOT NULL,
  `SDT` varchar(50) CHARACTER SET utf8 DEFAULT NULL,
  `ThanhPho` varchar(50) CHARACTER SET utf8 DEFAULT NULL,
  `QuanHuyen` varchar(50) CHARACTER SET utf8 DEFAULT NULL
) ENGINE=InnoDB DEFAULT CHARSET=utf8 COLLATE=utf8_unicode_ci;

--
-- Dumping data for table `rap`
--

INSERT INTO `rap` (`MaRap`, `TenRap`, `DiaChi`, `MaTK`, `SDT`, `ThanhPho`, `QuanHuyen`) VALUES
('CINEMA01', 'CINEMA', 'Số 222 Trần Duy Hưng', 'CINEMA01', '985666666', 'Hà Nội', 'Cầu Giấy'),
('CINEMA02', 'CINEMA02', 'Tầng Hầm B1- TTTM The Garden', 'CINEMA02', '068566666', 'Hà Nội', 'Từ Liêm'),
('CINEMA03', 'CINEMA03', 'số 7-9 Nguyễn Văn Linh', 'CINEMA03', '098566666', 'Hà Nội', 'Long Biên');

-- --------------------------------------------------------

--
-- Table structure for table `suatchieu`
--

CREATE TABLE `suatchieu` (
  `MaSuatChieu` int(11) NOT NULL,
  `TGBatDauChieu` datetime NOT NULL,
  `NgayChieu` datetime(3) NOT NULL,
  `MaPhim` varchar(10) CHARACTER SET utf8 NOT NULL,
  `MaPhongChieu` int(11) NOT NULL
) ENGINE=InnoDB DEFAULT CHARSET=utf8 COLLATE=utf8_unicode_ci;

--
-- Dumping data for table `suatchieu`
--

INSERT INTO `suatchieu` (`MaSuatChieu`, `TGBatDauChieu`, `NgayChieu`, `MaPhim`, `MaPhongChieu`) VALUES
(1, '2019-05-10 09:00:00', '2019-05-11 00:00:00.000', '1', 1),
(3, '2019-05-11 09:00:00', '2019-05-11 13:00:00.000', '1', 2);

-- --------------------------------------------------------

--
-- Table structure for table `taikhoan`
--

CREATE TABLE `taikhoan` (
  `id` int(11) NOT NULL,
  `MaTK` varchar(50) CHARACTER SET utf8 NOT NULL,
  `HoVaTen` varchar(50) CHARACTER SET utf8 NOT NULL,
  `GioiTinh` tinyint(4) NOT NULL,
  `NgaySinh` date NOT NULL,
  `SDT` varchar(50) CHARACTER SET utf8 NOT NULL,
  `DiaChi` varchar(1000) CHARACTER SET utf8 DEFAULT NULL,
  `password` varchar(50) CHARACTER SET utf8 NOT NULL,
  `MaLoaiTK` varchar(10) CHARACTER SET utf8 NOT NULL,
  `Email` varchar(50) CHARACTER SET utf8 NOT NULL
) ENGINE=InnoDB DEFAULT CHARSET=utf8 COLLATE=utf8_unicode_ci;

--
-- Dumping data for table `taikhoan`
--

INSERT INTO `taikhoan` (`id`, `MaTK`, `HoVaTen`, `GioiTinh`, `NgaySinh`, `SDT`, `DiaChi`, `password`, `MaLoaiTK`, `Email`) VALUES
(1, 'cinema01', 'Cinema01', 0, '1998-09-29', '985666666', 'Tầng 2, Rivera Park Saigon - Số 7/28 Thành Thái, P.14, Q.10, TPHCM', '11223344', '1', 'a@m.com'),
(2, 'cinema02', 'Cinema02', 0, '1995-07-25', '098566666', 'Tầng 18, Tháp Quốc tế Hòa Bình, 106 Hoàng Quốc Việt, Phường Nghĩa Đô, Quận Cầu Giấy, Tp.Hà Nội', '11223344', '1', 'cinema02@m.com'),
(3, 'cinema03', 'Cinema03', 0, '1995-07-28', '098444444', 'Đường Trần Phú, Khu đô thị mới Mỗ Lao, Phường Mỗ Lao, Quận Hà Đông, TP. Hà Nội', '11223344', '1', 'cinema3@m.xom'),
(4, 'user01', 'User01', 1, '1995-08-18', '085666666', 'Tầng hầm B1, Tòa nhà Artemis, số 3 Lê Trọng Tấn, Phường Khương Mai, Quận Thanh Xuân, TP. Hà Nội', '11223344', '2', 'abc@mo.com'),
(5, 'user02', 'User02', 1, '1996-12-01', '098566666', 'Số 7-9 Nguyễn Văn Linh, Tầng Hầm TTTM Savico Megamall, Quận Long Biên, TP. Hà Nội', '11223344', '2', 'a@k.com');

-- --------------------------------------------------------

--
-- Table structure for table `theloai`
--

CREATE TABLE `theloai` (
  `MaTheLoai` int(11) NOT NULL,
  `Ten` varchar(200) COLLATE utf8_unicode_ci NOT NULL,
  `MoTa` varchar(200) COLLATE utf8_unicode_ci DEFAULT NULL
) ENGINE=InnoDB DEFAULT CHARSET=utf8 COLLATE=utf8_unicode_ci;

--
-- Dumping data for table `theloai`
--

INSERT INTO `theloai` (`MaTheLoai`, `Ten`, `MoTa`) VALUES
(1, 'Kinh dị', NULL),
(2, 'Hài hước', NULL),
(3, 'Hành động', NULL),
(4, 'Tình cảm', NULL),
(5, 'Tâm lý', NULL),
(6, 'Gia đình', NULL),
(7, 'Học đường', NULL),
(8, 'Viễn tưởng', NULL);

-- --------------------------------------------------------

--
-- Table structure for table `ve`
--

CREATE TABLE `ve` (
  `MaGhe` varchar(10) CHARACTER SET utf8 NOT NULL,
  `MaVe` varchar(10) CHARACTER SET utf8 NOT NULL,
  `MaSuatChieu` varchar(10) CHARACTER SET utf8 NOT NULL,
  `Gia` decimal(15,4) NOT NULL,
  `MaGiaoDich` varchar(20) CHARACTER SET utf8 DEFAULT NULL
) ENGINE=InnoDB DEFAULT CHARSET=utf8 COLLATE=utf8_unicode_ci;

--
-- Indexes for dumped tables
--

--
-- Indexes for table `ghe`
--
ALTER TABLE `ghe`
  ADD PRIMARY KEY (`MaGhe`);

--
-- Indexes for table `giaodich`
--
ALTER TABLE `giaodich`
  ADD PRIMARY KEY (`MaGiaoDich`);

--
-- Indexes for table `loaitk`
--
ALTER TABLE `loaitk`
  ADD PRIMARY KEY (`MaLoaiTK`);

--
-- Indexes for table `phanquyennguoidung`
--
ALTER TABLE `phanquyennguoidung`
  ADD PRIMARY KEY (`id`);

--
-- Indexes for table `phim`
--
ALTER TABLE `phim`
  ADD PRIMARY KEY (`MaPhim`);

--
-- Indexes for table `phongchieu`
--
ALTER TABLE `phongchieu`
  ADD PRIMARY KEY (`MaPhongChieu`);

--
-- Indexes for table `quyennguoidung`
--
ALTER TABLE `quyennguoidung`
  ADD PRIMARY KEY (`id`);

--
-- Indexes for table `rap`
--
ALTER TABLE `rap`
  ADD PRIMARY KEY (`MaRap`);

--
-- Indexes for table `suatchieu`
--
ALTER TABLE `suatchieu`
  ADD PRIMARY KEY (`MaSuatChieu`);

--
-- Indexes for table `taikhoan`
--
ALTER TABLE `taikhoan`
  ADD PRIMARY KEY (`id`);

--
-- Indexes for table `theloai`
--
ALTER TABLE `theloai`
  ADD PRIMARY KEY (`MaTheLoai`);

--
-- Indexes for table `ve`
--
ALTER TABLE `ve`
  ADD PRIMARY KEY (`MaVe`);

--
-- AUTO_INCREMENT for dumped tables
--

--
-- AUTO_INCREMENT for table `ghe`
--
ALTER TABLE `ghe`
  MODIFY `MaGhe` int(10) NOT NULL AUTO_INCREMENT, AUTO_INCREMENT=130;

--
-- AUTO_INCREMENT for table `phanquyennguoidung`
--
ALTER TABLE `phanquyennguoidung`
  MODIFY `id` int(11) NOT NULL AUTO_INCREMENT;

--
-- AUTO_INCREMENT for table `phim`
--
ALTER TABLE `phim`
  MODIFY `MaPhim` int(10) NOT NULL AUTO_INCREMENT, AUTO_INCREMENT=2;

--
-- AUTO_INCREMENT for table `phongchieu`
--
ALTER TABLE `phongchieu`
  MODIFY `MaPhongChieu` int(10) NOT NULL AUTO_INCREMENT, AUTO_INCREMENT=28;

--
-- AUTO_INCREMENT for table `quyennguoidung`
--
ALTER TABLE `quyennguoidung`
  MODIFY `id` int(11) NOT NULL AUTO_INCREMENT, AUTO_INCREMENT=2;

--
-- AUTO_INCREMENT for table `suatchieu`
--
ALTER TABLE `suatchieu`
  MODIFY `MaSuatChieu` int(11) NOT NULL AUTO_INCREMENT, AUTO_INCREMENT=4;

--
-- AUTO_INCREMENT for table `taikhoan`
--
ALTER TABLE `taikhoan`
  MODIFY `id` int(11) NOT NULL AUTO_INCREMENT, AUTO_INCREMENT=6;

--
-- AUTO_INCREMENT for table `theloai`
--
ALTER TABLE `theloai`
  MODIFY `MaTheLoai` int(11) NOT NULL AUTO_INCREMENT, AUTO_INCREMENT=9;
COMMIT;

/*!40101 SET CHARACTER_SET_CLIENT=@OLD_CHARACTER_SET_CLIENT */;
/*!40101 SET CHARACTER_SET_RESULTS=@OLD_CHARACTER_SET_RESULTS */;
/*!40101 SET COLLATION_CONNECTION=@OLD_COLLATION_CONNECTION */;
